ID,Title,Author
21206025-e6d9-45f6-ad5e-9cb9182525c5,Title-21206025,Author-21206025
21206026-7be3-4cd5-9a9b-6884f55bdc58,Title-21206026,Author-21206026
21206027-4e66-43c9-b1bc-7bbcc115bc29,Title-21206027,Author-21206027
21206028-7ddc-4f6f-8281-d15905fba3d1,Title-21206028,Author-21206028
21206029-0cb8-4a1f-a286-ef7a37a70238,Title-21206029,Author-21206029
21206030-aaaf-48ff-b9f0-265e16c16f67,Title-21206030,Author-21206030
21206031-8b53-4110-a0a7-06959d039835,Title-21206031,Author-21206031
21206032-8e1f-498b-a7fe-120818f50243,Title-21206032,Author-21206032
21206033-b2f6-41c6-ae3b-6261e5343028,Title-21206033,Author-21206033
21206034-5796-466b-b4e2-1519940257ab,Title-21206034,Author-21206034
